ts,a,b,cuota_a,cuota_b
2026-07-31T11:09:28,aleksandar rakic,marcin tybura,1.27,3.65
2026-07-31T11:09:28,alexander poppeck,jovan leka,3.0,1.38
2026-07-31T11:09:28,bogdan grad,dennis buzukja,1.42,2.8
2026-07-31T11:09:28,borislav nikolic,mark vologdin,1.5,2.52
2026-07-31T11:09:28,daniel rodriguez,uros medic,4.05,1.23
2026-07-31T11:09:28,dusko todorovic,robert valentin,2.27,1.62
2026-07-31T11:09:28,gilbert urbina,vlasto cepo,3.75,1.26
2026-07-31T11:09:28,gillian robertson,mackenzie dern,2.65,1.47
2026-07-31T11:09:28,hailey cowan,nina milosevic,4.75,1.18
2026-07-31T11:09:28,ian garry,islam makhachev,3.45,1.3
2026-07-31T11:09:28,jan blachowicz,navajo stirling,3.45,1.3
2026-07-31T11:09:28,kyle prepolec,mateusz rebecki,5.8,1.13
2026-07-31T11:09:28,ludovit klein,tofiq musayev,1.32,3.3
2026-07-31T11:09:28,marina spasic,stephanie bruna luciano,3.5,1.29
2026-07-31T11:09:28,michael oliveira,oban elliott,1.26,3.7
2026-07-31T11:09:28,milos janicic,noah gugnon,1.98,1.8
2026-07-31T11:23:58,aleksandar rakic,marcin tybura,1.27,3.65
2026-07-31T11:23:58,alexander poppeck,jovan leka,3.0,1.38
2026-07-31T11:23:58,bogdan grad,dennis buzukja,1.42,2.8
2026-07-31T11:23:58,borislav nikolic,mark vologdin,1.5,2.52
2026-07-31T11:23:58,daniel rodriguez,uros medic,4.05,1.23
2026-07-31T11:23:58,dusko todorovic,robert valentin,2.27,1.62
2026-07-31T11:23:58,gilbert urbina,vlasto cepo,3.75,1.26
2026-07-31T11:23:58,gillian robertson,mackenzie dern,2.65,1.47
2026-07-31T11:23:58,hailey cowan,nina milosevic,4.75,1.18
2026-07-31T11:23:58,ian garry,islam makhachev,3.45,1.3
2026-07-31T11:23:58,jan blachowicz,navajo stirling,3.45,1.3
2026-07-31T11:23:58,kyle prepolec,mateusz rebecki,5.8,1.13
2026-07-31T11:23:58,ludovit klein,tofiq musayev,1.32,3.3
2026-07-31T11:23:58,marina spasic,stephanie bruna luciano,3.5,1.29
2026-07-31T11:23:58,michael oliveira,oban elliott,1.26,3.7
2026-07-31T11:23:58,milos janicic,noah gugnon,1.98,1.8
2026-07-31T20:05:17,aleksandar rakic,marcin tybura,1.27,3.65
2026-07-31T20:05:17,alexander poppeck,jovan leka,3.0,1.38
2026-07-31T20:05:17,alexia thainara,amanda lemos,1.42,2.82
2026-07-31T20:05:17,billy goff,ty cole miller,3.15,1.34
2026-07-31T20:05:17,billy quarantillo,diego ferreira,2.32,1.6
2026-07-31T20:05:17,bogdan grad,dennis buzukja,1.42,2.8
2026-07-31T20:05:17,borislav nikolic,mark vologdin,1.45,2.7
2026-07-31T20:05:17,bruno lopes,diyar nurgozhay,2.3,1.6
2026-07-31T20:05:17,daniel rodriguez,uros medic,3.85,1.25
2026-07-31T20:05:17,darren elkins,yadier delvalle,5.4,1.14
2026-07-31T20:05:17,dusko todorovic,robert valentin,2.32,1.6
2026-07-31T20:05:17,gilbert urbina,vlasto cepo,3.75,1.26
2026-07-31T20:05:17,gillian robertson,mackenzie dern,2.65,1.47
2026-07-31T20:05:17,guilherme pat,steven asplund,2.8,1.42
2026-07-31T20:05:17,hailey cowan,nina milosevic,5.1,1.16
2026-07-31T20:05:17,ian garry,islam makhachev,3.45,1.3
2026-07-31T20:05:17,jan blachowicz,navajo stirling,3.45,1.3
2026-07-31T20:05:17,juliana miller,ravena oliveira morais,1.42,2.82
2026-07-31T20:05:17,kyle prepolec,mateusz rebecki,5.8,1.13
2026-07-31T20:05:17,ludovit klein,tofiq musayev,1.32,3.3
2026-07-31T20:05:17,marina spasic,stephanie bruna luciano,3.5,1.29
2026-07-31T20:05:17,mateusz gamrot,quillan salkilld,2.05,1.75
2026-07-31T20:05:17,michael oliveira,oban elliott,1.26,3.7
2026-07-31T20:05:17,milos janicic,noah gugnon,1.98,1.8
2026-07-31T20:22:53,aleksandar rakic,marcin tybura,1.27,3.65
2026-07-31T20:22:53,alexander poppeck,jovan leka,3.0,1.38
2026-07-31T20:22:53,alexia thainara,amanda lemos,1.42,2.82
2026-07-31T20:22:53,billy goff,ty cole miller,3.15,1.34
2026-07-31T20:22:53,billy quarantillo,diego ferreira,2.32,1.6
2026-07-31T20:22:53,bogdan grad,dennis buzukja,1.42,2.8
2026-07-31T20:22:53,borislav nikolic,mark vologdin,1.45,2.7
2026-07-31T20:22:53,bruno lopes,diyar nurgozhay,2.3,1.6
2026-07-31T20:22:53,daniel rodriguez,uros medic,3.85,1.25
2026-07-31T20:22:53,darren elkins,yadier delvalle,5.4,1.14
2026-07-31T20:22:53,dusko todorovic,robert valentin,2.32,1.6
2026-07-31T20:22:53,gilbert urbina,vlasto cepo,3.75,1.26
2026-07-31T20:22:53,gillian robertson,mackenzie dern,2.65,1.47
2026-07-31T20:22:53,guilherme pat,steven asplund,2.8,1.42
2026-07-31T20:22:53,hailey cowan,nina milosevic,5.1,1.16
2026-07-31T20:22:53,ian garry,islam makhachev,3.45,1.3
2026-07-31T20:22:53,jan blachowicz,navajo stirling,3.45,1.3
2026-07-31T20:22:53,juliana miller,ravena oliveira morais,1.42,2.82
2026-07-31T20:22:53,kyle prepolec,mateusz rebecki,5.8,1.13
2026-07-31T20:22:53,ludovit klein,tofiq musayev,1.32,3.3
2026-07-31T20:22:53,marina spasic,stephanie bruna luciano,3.5,1.29
2026-07-31T20:22:53,mateusz gamrot,quillan salkilld,2.05,1.75
2026-07-31T20:22:53,michael oliveira,oban elliott,1.26,3.7
2026-07-31T20:22:53,milos janicic,noah gugnon,1.93,1.83
2026-07-31T20:28:33,aleksandar rakic,marcin tybura,1.27,3.65
2026-07-31T20:28:33,alexander poppeck,jovan leka,3.0,1.38
2026-07-31T20:28:33,alexia thainara,amanda lemos,1.42,2.82
2026-07-31T20:28:33,billy goff,ty cole miller,3.15,1.34
2026-07-31T20:28:33,billy quarantillo,diego ferreira,2.32,1.6
2026-07-31T20:28:33,bogdan grad,dennis buzukja,1.42,2.8
2026-07-31T20:28:33,borislav nikolic,mark vologdin,1.45,2.7
2026-07-31T20:28:33,bruno lopes,diyar nurgozhay,2.3,1.6
2026-07-31T20:28:33,daniel rodriguez,uros medic,3.85,1.25
2026-07-31T20:28:33,darren elkins,yadier delvalle,5.4,1.14
2026-07-31T20:28:33,dusko todorovic,robert valentin,2.32,1.6
2026-07-31T20:28:33,gilbert urbina,vlasto cepo,3.75,1.26
2026-07-31T20:28:33,gillian robertson,mackenzie dern,2.65,1.47
2026-07-31T20:28:33,guilherme pat,steven asplund,2.8,1.42
2026-07-31T20:28:33,hailey cowan,nina milosevic,5.1,1.16
2026-07-31T20:28:33,ian garry,islam makhachev,3.45,1.3
2026-07-31T20:28:33,jan blachowicz,navajo stirling,3.45,1.3
2026-07-31T20:28:33,juliana miller,ravena oliveira morais,1.42,2.82
2026-07-31T20:28:33,kyle prepolec,mateusz rebecki,5.8,1.13
2026-07-31T20:28:33,ludovit klein,tofiq musayev,1.32,3.3
2026-07-31T20:28:33,marina spasic,stephanie bruna luciano,3.5,1.29
2026-07-31T20:28:33,mateusz gamrot,quillan salkilld,2.05,1.75
2026-07-31T20:28:33,michael oliveira,oban elliott,1.26,3.7
2026-07-31T20:28:33,milos janicic,noah gugnon,1.93,1.83
2026-07-31T23:20:27,aleksandar rakic,marcin tybura,1.27,3.65
2026-07-31T23:20:27,alexander poppeck,jovan leka,3.0,1.38
2026-07-31T23:20:27,alexia thainara,amanda lemos,1.42,2.82
2026-07-31T23:20:27,billy goff,ty cole miller,3.15,1.34
2026-07-31T23:20:27,billy quarantillo,diego ferreira,2.32,1.6
2026-07-31T23:20:27,bogdan grad,dennis buzukja,1.42,2.8
2026-07-31T23:20:27,borislav nikolic,mark vologdin,1.45,2.7
2026-07-31T23:20:27,bruno lopes,diyar nurgozhay,2.3,1.6
2026-07-31T23:20:27,daniel rodriguez,uros medic,3.85,1.25
2026-07-31T23:20:27,darren elkins,yadier delvalle,5.4,1.14
2026-07-31T23:20:27,dusko todorovic,robert valentin,2.32,1.6
2026-07-31T23:20:27,gilbert urbina,vlasto cepo,3.75,1.26
2026-07-31T23:20:27,gillian robertson,mackenzie dern,2.65,1.47
2026-07-31T23:20:27,guilherme pat,steven asplund,2.8,1.42
2026-07-31T23:20:27,hailey cowan,nina milosevic,5.1,1.16
2026-07-31T23:20:27,ian garry,islam makhachev,3.45,1.3
2026-07-31T23:20:27,jan blachowicz,navajo stirling,3.45,1.3
2026-07-31T23:20:27,juliana miller,ravena oliveira morais,1.42,2.82
2026-07-31T23:20:27,kyle prepolec,mateusz rebecki,5.8,1.13
2026-07-31T23:20:27,ludovit klein,tofiq musayev,1.32,3.3
2026-07-31T23:20:27,marina spasic,stephanie bruna luciano,3.5,1.29
2026-07-31T23:20:27,mateusz gamrot,quillan salkilld,2.05,1.75
2026-07-31T23:20:27,michael oliveira,oban elliott,1.26,3.7
2026-07-31T23:20:27,milos janicic,noah gugnon,1.93,1.83
2026-08-01T13:26:02,aleksandar rakic,marcin tybura,1.26,3.8
2026-08-01T13:26:02,alexia thainara,amanda lemos,1.42,2.82
2026-08-01T13:26:02,billy goff,ty cole miller,3.15,1.34
2026-08-01T13:26:02,billy quarantillo,diego ferreira,2.32,1.6
2026-08-01T13:26:02,bruno lopes,diyar nurgozhay,2.3,1.6
2026-08-01T13:26:02,daniel rodriguez,uros medic,3.85,1.25
2026-08-01T13:26:02,darren elkins,yadier delvalle,5.4,1.14
2026-08-01T13:26:02,dusko todorovic,robert valentin,2.15,1.67
2026-08-01T13:26:02,gilbert urbina,vlasto cepo,3.4,1.3
2026-08-01T13:26:02,gillian robertson,mackenzie dern,2.65,1.47
2026-08-01T13:26:02,guilherme pat,steven asplund,2.8,1.42
2026-08-01T13:26:02,ian garry,islam makhachev,3.55,1.29
2026-08-01T13:26:02,jan blachowicz,navajo stirling,3.65,1.27
2026-08-01T13:26:02,juliana miller,ravena oliveira morais,1.42,2.82
2026-08-01T13:26:02,mateusz gamrot,quillan salkilld,2.05,1.75
2026-08-01T14:33:17,alexia thainara,amanda lemos,1.42,2.82
2026-08-01T14:33:17,billy goff,ty cole miller,3.15,1.34
2026-08-01T14:33:17,billy quarantillo,diego ferreira,2.32,1.6
2026-08-01T14:33:17,bruno lopes,diyar nurgozhay,2.3,1.6
2026-08-01T14:33:17,daniel rodriguez,uros medic,3.85,1.25
2026-08-01T14:33:17,darren elkins,yadier delvalle,5.4,1.14
2026-08-01T14:33:17,gillian robertson,mackenzie dern,2.65,1.47
2026-08-01T14:33:17,guilherme pat,steven asplund,2.8,1.42
2026-08-01T14:33:17,ian garry,islam makhachev,3.55,1.29
2026-08-01T14:33:17,jan blachowicz,navajo stirling,3.6,1.28
2026-08-01T14:33:17,juliana miller,ravena oliveira morais,1.42,2.82
2026-08-01T14:33:17,mateusz gamrot,quillan salkilld,2.05,1.75
2026-08-01T17:22:10,alexia thainara,amanda lemos,1.4,2.87
2026-08-01T17:22:10,billy goff,ty cole miller,3.15,1.34
2026-08-01T17:22:10,billy quarantillo,diego ferreira,2.42,1.55
2026-08-01T17:22:10,bruno lopes,diyar nurgozhay,2.37,1.57
2026-08-01T17:22:10,darren elkins,yadier delvalle,5.8,1.13
2026-08-01T17:22:10,gillian robertson,mackenzie dern,2.75,1.44
2026-08-01T17:22:10,guilherme pat,steven asplund,2.8,1.42
2026-08-01T17:22:10,ian garry,islam makhachev,3.55,1.29
2026-08-01T17:22:10,juliana miller,ravena oliveira morais,1.38,3.0
2026-08-01T17:22:10,mateusz gamrot,quillan salkilld,2.1,1.72
2026-08-01T18:08:40,alexia thainara,amanda lemos,1.4,2.87
2026-08-01T18:08:40,billy goff,ty cole miller,3.15,1.34
2026-08-01T18:08:40,billy quarantillo,diego ferreira,2.42,1.55
2026-08-01T18:08:40,bruno lopes,diyar nurgozhay,2.27,1.62
2026-08-01T18:08:40,darren elkins,yadier delvalle,5.8,1.13
2026-08-01T18:08:40,gillian robertson,mackenzie dern,2.75,1.44
2026-08-01T18:08:40,guilherme pat,steven asplund,2.8,1.42
2026-08-01T18:08:40,ian garry,islam makhachev,3.55,1.29
2026-08-01T18:08:40,juliana miller,ravena oliveira morais,1.38,3.0
2026-08-01T18:08:40,mateusz gamrot,quillan salkilld,2.1,1.72
2026-08-01T18:11:08,alexia thainara,amanda lemos,1.4,2.87
2026-08-01T18:11:08,billy goff,ty cole miller,3.15,1.34
2026-08-01T18:11:08,billy quarantillo,diego ferreira,2.42,1.55
2026-08-01T18:11:08,bruno lopes,diyar nurgozhay,2.27,1.62
2026-08-01T18:11:08,darren elkins,yadier delvalle,5.8,1.13
2026-08-01T18:11:08,gillian robertson,mackenzie dern,2.75,1.44
2026-08-01T18:11:08,guilherme pat,steven asplund,2.8,1.42
2026-08-01T18:11:08,ian garry,islam makhachev,3.55,1.29
2026-08-01T18:11:08,juliana miller,ravena oliveira morais,1.38,3.0
2026-08-01T18:11:08,mateusz gamrot,quillan salkilld,2.1,1.72
2026-08-01T18:24:44,alexia thainara,amanda lemos,1.4,2.87
2026-08-01T18:24:44,billy goff,ty cole miller,3.15,1.34
2026-08-01T18:24:44,billy quarantillo,diego ferreira,2.42,1.55
2026-08-01T18:24:44,bruno lopes,diyar nurgozhay,2.27,1.62
2026-08-01T18:24:44,darren elkins,yadier delvalle,5.8,1.13
2026-08-01T18:24:44,gillian robertson,mackenzie dern,2.75,1.44
2026-08-01T18:24:44,guilherme pat,steven asplund,2.8,1.42
2026-08-01T18:24:44,ian garry,islam makhachev,3.55,1.29
2026-08-01T18:24:44,juliana miller,ravena oliveira morais,1.38,3.0
2026-08-01T18:24:44,mateusz gamrot,quillan salkilld,2.1,1.72
2026-08-01T18:27:08,alexia thainara,amanda lemos,1.4,2.87
2026-08-01T18:27:08,billy goff,ty cole miller,3.15,1.34
2026-08-01T18:27:08,billy quarantillo,diego ferreira,2.42,1.55
2026-08-01T18:27:08,bruno lopes,diyar nurgozhay,2.27,1.62
2026-08-01T18:27:08,darren elkins,yadier delvalle,5.8,1.13
2026-08-01T18:27:08,gillian robertson,mackenzie dern,2.75,1.44
2026-08-01T18:27:08,guilherme pat,steven asplund,2.8,1.42
2026-08-01T18:27:08,ian garry,islam makhachev,3.55,1.29
2026-08-01T18:27:08,juliana miller,ravena oliveira morais,1.38,3.0
2026-08-01T18:27:08,mateusz gamrot,quillan salkilld,2.1,1.72
2026-08-01T18:55:47,alexia thainara,amanda lemos,1.4,2.87
2026-08-01T18:55:47,billy goff,ty cole miller,3.15,1.34
2026-08-01T18:55:47,billy quarantillo,diego ferreira,2.42,1.55
2026-08-01T18:55:47,bruno lopes,diyar nurgozhay,2.27,1.62
2026-08-01T18:55:47,darren elkins,yadier delvalle,5.8,1.13
2026-08-01T18:55:47,gillian robertson,mackenzie dern,2.75,1.44
2026-08-01T18:55:47,guilherme pat,steven asplund,2.8,1.42
2026-08-01T18:55:47,ian garry,islam makhachev,3.55,1.29
2026-08-01T18:55:47,juliana miller,ravena oliveira morais,1.38,3.0
2026-08-01T18:55:47,mateusz gamrot,quillan salkilld,2.1,1.72
2026-08-01T18:57:52,alexia thainara,amanda lemos,1.4,2.87
2026-08-01T18:57:52,billy goff,ty cole miller,3.15,1.34
2026-08-01T18:57:52,billy quarantillo,diego ferreira,2.42,1.55
2026-08-01T18:57:52,bruno lopes,diyar nurgozhay,2.27,1.62
2026-08-01T18:57:52,darren elkins,yadier delvalle,5.8,1.13
2026-08-01T18:57:52,gillian robertson,mackenzie dern,2.75,1.44
2026-08-01T18:57:52,guilherme pat,steven asplund,2.8,1.42
2026-08-01T18:57:52,ian garry,islam makhachev,3.55,1.29
2026-08-01T18:57:52,juliana miller,ravena oliveira morais,1.38,3.0
2026-08-01T18:57:52,mateusz gamrot,quillan salkilld,2.1,1.72
2026-08-01T19:11:01,alexia thainara,amanda lemos,1.4,2.87
2026-08-01T19:11:01,billy goff,ty cole miller,3.15,1.34
2026-08-01T19:11:01,billy quarantillo,diego ferreira,2.42,1.55
2026-08-01T19:11:01,bruno lopes,diyar nurgozhay,2.27,1.62
2026-08-01T19:11:01,darren elkins,yadier delvalle,5.8,1.13
2026-08-01T19:11:01,gillian robertson,mackenzie dern,2.75,1.44
2026-08-01T19:11:01,guilherme pat,steven asplund,2.8,1.42
2026-08-01T19:11:01,ian garry,islam makhachev,3.55,1.29
2026-08-01T19:11:01,juliana miller,ravena oliveira morais,1.38,3.0
2026-08-01T19:11:01,mateusz gamrot,quillan salkilld,2.1,1.72
2026-08-01T19:11:28,alexia thainara,amanda lemos,1.4,2.87
2026-08-01T19:11:28,billy goff,ty cole miller,3.15,1.34
2026-08-01T19:11:28,billy quarantillo,diego ferreira,2.42,1.55
2026-08-01T19:11:28,bruno lopes,diyar nurgozhay,2.27,1.62
2026-08-01T19:11:28,darren elkins,yadier delvalle,5.8,1.13
2026-08-01T19:11:28,gillian robertson,mackenzie dern,2.75,1.44
2026-08-01T19:11:28,guilherme pat,steven asplund,2.8,1.42
2026-08-01T19:11:28,ian garry,islam makhachev,3.55,1.29
2026-08-01T19:11:28,juliana miller,ravena oliveira morais,1.38,3.0
2026-08-01T19:11:28,mateusz gamrot,quillan salkilld,2.1,1.72
2026-08-01T19:39:27,alexia thainara,amanda lemos,1.4,2.87
2026-08-01T19:39:27,billy goff,ty cole miller,3.15,1.34
2026-08-01T19:39:27,billy quarantillo,diego ferreira,2.42,1.55
2026-08-01T19:39:27,bruno lopes,diyar nurgozhay,2.27,1.62
2026-08-01T19:39:27,darren elkins,yadier delvalle,5.8,1.13
2026-08-01T19:39:27,gillian robertson,mackenzie dern,2.75,1.44
2026-08-01T19:39:27,guilherme pat,steven asplund,2.8,1.42
2026-08-01T19:39:27,ian garry,islam makhachev,3.55,1.29
2026-08-01T19:39:27,juliana miller,ravena oliveira morais,1.38,3.0
2026-08-01T19:39:27,mateusz gamrot,quillan salkilld,2.1,1.72
2026-08-01T19:42:25,alexia thainara,amanda lemos,1.4,2.87
2026-08-01T19:42:25,billy goff,ty cole miller,3.15,1.34
2026-08-01T19:42:25,billy quarantillo,diego ferreira,2.42,1.55
2026-08-01T19:42:25,bruno lopes,diyar nurgozhay,2.27,1.62
2026-08-01T19:42:25,darren elkins,yadier delvalle,5.8,1.13
2026-08-01T19:42:25,gillian robertson,mackenzie dern,2.75,1.44
2026-08-01T19:42:25,guilherme pat,steven asplund,2.8,1.42
2026-08-01T19:42:25,ian garry,islam makhachev,3.55,1.29
2026-08-01T19:42:25,juliana miller,ravena oliveira morais,1.38,3.0
2026-08-01T19:42:25,mateusz gamrot,quillan salkilld,2.1,1.72
2026-08-01T19:45:28,alexia thainara,amanda lemos,1.4,2.87
2026-08-01T19:45:28,billy goff,ty cole miller,3.15,1.34
2026-08-01T19:45:28,billy quarantillo,diego ferreira,2.42,1.55
2026-08-01T19:45:28,bruno lopes,diyar nurgozhay,2.27,1.62
2026-08-01T19:45:28,darren elkins,yadier delvalle,5.8,1.13
2026-08-01T19:45:28,gillian robertson,mackenzie dern,2.75,1.44
2026-08-01T19:45:28,guilherme pat,steven asplund,2.8,1.42
2026-08-01T19:45:28,ian garry,islam makhachev,3.55,1.29
2026-08-01T19:45:28,juliana miller,ravena oliveira morais,1.38,3.0
2026-08-01T19:45:28,mateusz gamrot,quillan salkilld,2.1,1.72
2026-08-01T22:18:02,alexia thainara,amanda lemos,1.39,2.92
2026-08-01T22:18:02,billy goff,ty cole miller,3.15,1.34
2026-08-01T22:18:02,billy quarantillo,diego ferreira,2.47,1.52
2026-08-01T22:18:02,bruno lopes,diyar nurgozhay,2.3,1.6
2026-08-01T22:18:02,darren elkins,yadier delvalle,5.8,1.13
2026-08-01T22:18:02,gillian robertson,mackenzie dern,2.75,1.44
2026-08-01T22:18:02,guilherme pat,steven asplund,2.92,1.4
2026-08-01T22:18:02,ian garry,islam makhachev,3.55,1.29
2026-08-01T22:18:02,juliana miller,ravena oliveira morais,1.38,3.0
2026-08-01T22:18:02,mateusz gamrot,quillan salkilld,2.1,1.72
2026-08-01T22:46:29,alexia thainara,amanda lemos,1.39,2.92
2026-08-01T22:46:29,billy goff,ty cole miller,3.15,1.34
2026-08-01T22:46:29,billy quarantillo,diego ferreira,2.47,1.52
2026-08-01T22:46:29,bruno lopes,diyar nurgozhay,2.3,1.6
2026-08-01T22:46:29,darren elkins,yadier delvalle,5.8,1.13
2026-08-01T22:46:29,gillian robertson,mackenzie dern,2.75,1.44
2026-08-01T22:46:29,guilherme pat,steven asplund,2.92,1.4
2026-08-01T22:46:29,ian garry,islam makhachev,3.55,1.29
2026-08-01T22:46:29,juliana miller,ravena oliveira morais,1.38,3.0
2026-08-01T22:46:29,mateusz gamrot,quillan salkilld,2.1,1.72
2026-08-01T22:50:27,alexia thainara,amanda lemos,1.39,2.92
2026-08-01T22:50:27,billy goff,ty cole miller,3.15,1.34
2026-08-01T22:50:27,billy quarantillo,diego ferreira,2.47,1.52
2026-08-01T22:50:27,bruno lopes,diyar nurgozhay,2.3,1.6
2026-08-01T22:50:27,darren elkins,yadier delvalle,5.8,1.13
2026-08-01T22:50:27,gillian robertson,mackenzie dern,2.75,1.44
2026-08-01T22:50:27,guilherme pat,steven asplund,2.92,1.4
2026-08-01T22:50:27,ian garry,islam makhachev,3.55,1.29
2026-08-01T22:50:27,juliana miller,ravena oliveira morais,1.38,3.0
2026-08-01T22:50:27,mateusz gamrot,quillan salkilld,2.1,1.72
2026-08-01T22:56:51,alexia thainara,amanda lemos,1.39,2.92
2026-08-01T22:56:51,billy goff,ty cole miller,3.15,1.34
2026-08-01T22:56:51,billy quarantillo,diego ferreira,2.47,1.52
2026-08-01T22:56:51,bruno lopes,diyar nurgozhay,2.3,1.6
2026-08-01T22:56:51,darren elkins,yadier delvalle,5.8,1.13
2026-08-01T22:56:51,gillian robertson,mackenzie dern,2.75,1.44
2026-08-01T22:56:51,guilherme pat,steven asplund,2.92,1.4
2026-08-01T22:56:51,ian garry,islam makhachev,3.55,1.29
2026-08-01T22:56:51,juliana miller,ravena oliveira morais,1.38,3.0
2026-08-01T22:56:51,mateusz gamrot,quillan salkilld,2.1,1.72
2026-08-01T23:28:25,alexia thainara,amanda lemos,1.39,2.92
2026-08-01T23:28:25,billy goff,ty cole miller,3.15,1.34
2026-08-01T23:28:25,billy quarantillo,diego ferreira,2.47,1.52
2026-08-01T23:28:25,bruno lopes,diyar nurgozhay,2.3,1.6
2026-08-01T23:28:25,darren elkins,yadier delvalle,5.8,1.13
2026-08-01T23:28:25,gillian robertson,mackenzie dern,2.75,1.44
2026-08-01T23:28:25,guilherme pat,steven asplund,2.92,1.4
2026-08-01T23:28:25,ian garry,islam makhachev,3.55,1.29
2026-08-01T23:28:25,juliana miller,ravena oliveira morais,1.38,3.0
2026-08-01T23:28:25,mateusz gamrot,quillan salkilld,2.1,1.72
2026-08-01T23:49:27,alexia thainara,amanda lemos,1.39,2.92
2026-08-01T23:49:27,billy goff,ty cole miller,3.15,1.34
2026-08-01T23:49:27,billy quarantillo,diego ferreira,2.47,1.52
2026-08-01T23:49:27,bruno lopes,diyar nurgozhay,2.3,1.6
2026-08-01T23:49:27,darren elkins,yadier delvalle,5.8,1.13
2026-08-01T23:49:27,gillian robertson,mackenzie dern,2.75,1.44
2026-08-01T23:49:27,guilherme pat,steven asplund,2.92,1.4
2026-08-01T23:49:27,ian garry,islam makhachev,3.55,1.29
2026-08-01T23:49:27,juliana miller,ravena oliveira morais,1.38,3.0
2026-08-01T23:49:27,mateusz gamrot,quillan salkilld,2.1,1.72
2026-08-02T14:14:49,alexia thainara,amanda lemos,1.39,2.92
2026-08-02T14:14:49,billy goff,ty cole miller,3.3,1.32
2026-08-02T14:14:49,billy quarantillo,diego ferreira,2.37,1.57
2026-08-02T14:14:49,bruno lopes,diyar nurgozhay,2.18,1.67
2026-08-02T14:14:49,darren elkins,yadier delvalle,5.2,1.15
2026-08-02T14:14:49,gillian robertson,mackenzie dern,2.75,1.44
2026-08-02T14:14:49,guilherme pat,steven asplund,3.1,1.36
2026-08-02T14:14:49,ian garry,islam makhachev,3.55,1.29
2026-08-02T14:14:49,jessie rosas,miles johns,2.22,1.65
2026-08-02T14:14:49,jose montanha,louie sutherland,2.27,1.62
2026-08-02T14:14:49,juliana miller,ravena oliveira morais,1.38,3.0
2026-08-02T14:14:49,manoel sousa,richie miranda,1.36,3.05
2026-08-02T14:14:49,mateusz gamrot,quillan salkilld,2.1,1.72
2026-08-02T14:18:45,alexia thainara,amanda lemos,1.39,2.92
2026-08-02T14:18:45,billy goff,ty cole miller,3.3,1.32
2026-08-02T14:18:45,billy quarantillo,diego ferreira,2.37,1.57
2026-08-02T14:18:45,bruno lopes,diyar nurgozhay,2.18,1.67
2026-08-02T14:18:45,darren elkins,yadier delvalle,5.2,1.15
2026-08-02T14:18:45,gillian robertson,mackenzie dern,2.75,1.44
2026-08-02T14:18:45,guilherme pat,steven asplund,3.1,1.36
2026-08-02T14:18:45,ian garry,islam makhachev,3.55,1.29
2026-08-02T14:18:45,jessie rosas,miles johns,2.22,1.65
2026-08-02T14:18:45,jose montanha,louie sutherland,2.27,1.62
2026-08-02T14:18:45,juliana miller,ravena oliveira morais,1.38,3.0
2026-08-02T14:18:45,manoel sousa,richie miranda,1.36,3.05
2026-08-02T14:18:45,mateusz gamrot,quillan salkilld,2.1,1.72
2026-08-02T16:39:40,alexia thainara,amanda lemos,1.39,2.92
2026-08-02T16:39:40,billy goff,ty cole miller,3.3,1.32
2026-08-02T16:39:40,billy quarantillo,diego ferreira,2.37,1.57
2026-08-02T16:39:40,bruno lopes,diyar nurgozhay,2.27,1.62
2026-08-02T16:39:40,darren elkins,yadier delvalle,5.2,1.15
2026-08-02T16:39:40,gillian robertson,mackenzie dern,2.75,1.44
2026-08-02T16:39:40,guilherme pat,steven asplund,3.1,1.36
2026-08-02T16:39:40,ian garry,islam makhachev,3.55,1.29
2026-08-02T16:39:40,jessie rosas,miles johns,2.22,1.65
2026-08-02T16:39:40,jose montanha,louie sutherland,2.27,1.62
2026-08-02T16:39:40,juliana miller,ravena oliveira morais,1.38,3.0
2026-08-02T16:39:40,manoel sousa,richie miranda,1.36,3.05
2026-08-02T16:39:40,mateusz gamrot,quillan salkilld,2.18,1.67
2026-08-02T16:41:35,alexia thainara,amanda lemos,1.39,2.92
2026-08-02T16:41:35,billy goff,ty cole miller,3.3,1.32
2026-08-02T16:41:35,billy quarantillo,diego ferreira,2.37,1.57
2026-08-02T16:41:35,bruno lopes,diyar nurgozhay,2.27,1.62
2026-08-02T16:41:35,darren elkins,yadier delvalle,5.2,1.15
2026-08-02T16:41:35,gillian robertson,mackenzie dern,2.75,1.44
2026-08-02T16:41:35,guilherme pat,steven asplund,3.1,1.36
2026-08-02T16:41:35,ian garry,islam makhachev,3.55,1.29
2026-08-02T16:41:35,jessie rosas,miles johns,2.22,1.65
2026-08-02T16:41:35,jose montanha,louie sutherland,2.27,1.62
2026-08-02T16:41:35,juliana miller,ravena oliveira morais,1.38,3.0
2026-08-02T16:41:35,manoel sousa,richie miranda,1.36,3.05
2026-08-02T16:41:35,mateusz gamrot,quillan salkilld,2.18,1.67
2026-08-02T16:52:41,alexia thainara,amanda lemos,1.39,2.92
2026-08-02T16:52:41,billy goff,ty cole miller,3.3,1.32
2026-08-02T16:52:41,billy quarantillo,diego ferreira,2.37,1.57
2026-08-02T16:52:41,bruno lopes,diyar nurgozhay,2.27,1.62
2026-08-02T16:52:41,darren elkins,yadier delvalle,5.2,1.15
2026-08-02T16:52:41,gillian robertson,mackenzie dern,2.75,1.44
2026-08-02T16:52:41,guilherme pat,steven asplund,3.1,1.36
2026-08-02T16:52:41,ian garry,islam makhachev,3.55,1.29
2026-08-02T16:52:41,jessie rosas,miles johns,2.22,1.65
2026-08-02T16:52:41,jose montanha,louie sutherland,2.27,1.62
2026-08-02T16:52:41,juliana miller,ravena oliveira morais,1.38,3.0
2026-08-02T16:52:41,manoel sousa,richie miranda,1.36,3.05
2026-08-02T16:52:41,mateusz gamrot,quillan salkilld,2.18,1.67
2026-08-02T19:52:29,alexia thainara,amanda lemos,1.4,2.9
2026-08-02T19:52:29,billy goff,ty cole miller,3.45,1.3
2026-08-02T19:52:29,billy quarantillo,diego ferreira,2.37,1.57
2026-08-02T19:52:29,bruno lopes,diyar nurgozhay,2.27,1.62
2026-08-02T19:52:29,darren elkins,yadier delvalle,5.2,1.15
2026-08-02T19:52:29,gillian robertson,mackenzie dern,2.75,1.44
2026-08-02T19:52:29,guilherme pat,steven asplund,3.1,1.36
2026-08-02T19:52:29,ian garry,islam makhachev,3.55,1.29
2026-08-02T19:52:29,jessie rosas,miles johns,2.22,1.65
2026-08-02T19:52:29,jose montanha,louie sutherland,2.27,1.62
2026-08-02T19:52:29,juliana miller,ravena oliveira morais,1.38,3.0
2026-08-02T19:52:29,manoel sousa,richie miranda,1.36,3.05
2026-08-02T19:52:29,mateusz gamrot,quillan salkilld,2.18,1.67
2026-08-02T19:53:02,alexia thainara,amanda lemos,1.4,2.9
2026-08-02T19:53:02,billy goff,ty cole miller,3.45,1.3
2026-08-02T19:53:02,billy quarantillo,diego ferreira,2.37,1.57
2026-08-02T19:53:02,bruno lopes,diyar nurgozhay,2.27,1.62
2026-08-02T19:53:02,darren elkins,yadier delvalle,5.2,1.15
2026-08-02T19:53:02,gillian robertson,mackenzie dern,2.75,1.44
2026-08-02T19:53:02,guilherme pat,steven asplund,3.1,1.36
2026-08-02T19:53:02,ian garry,islam makhachev,3.55,1.29
2026-08-02T19:53:02,jessie rosas,miles johns,2.22,1.65
2026-08-02T19:53:02,jose montanha,louie sutherland,2.27,1.62
2026-08-02T19:53:02,juliana miller,ravena oliveira morais,1.38,3.0
2026-08-02T19:53:02,manoel sousa,richie miranda,1.36,3.05
2026-08-02T19:53:02,mateusz gamrot,quillan salkilld,2.18,1.67
2026-08-02T19:57:22,alexia thainara,amanda lemos,1.4,2.9
2026-08-02T19:57:22,billy goff,ty cole miller,3.45,1.3
2026-08-02T19:57:22,billy quarantillo,diego ferreira,2.37,1.57
2026-08-02T19:57:22,bruno lopes,diyar nurgozhay,2.27,1.62
2026-08-02T19:57:22,darren elkins,yadier delvalle,5.2,1.15
2026-08-02T19:57:22,gillian robertson,mackenzie dern,2.75,1.44
2026-08-02T19:57:22,guilherme pat,steven asplund,3.1,1.36
2026-08-02T19:57:22,ian garry,islam makhachev,3.55,1.29
2026-08-02T19:57:22,jessie rosas,miles johns,2.22,1.65
2026-08-02T19:57:22,jose montanha,louie sutherland,2.27,1.62
2026-08-02T19:57:22,juliana miller,ravena oliveira morais,1.38,3.0
2026-08-02T19:57:22,manoel sousa,richie miranda,1.36,3.05
2026-08-02T19:57:22,mateusz gamrot,quillan salkilld,2.18,1.67
2026-08-02T21:37:07,alexia thainara,amanda lemos,1.4,2.9
2026-08-02T21:37:07,billy goff,ty cole miller,3.6,1.28
2026-08-02T21:37:07,billy quarantillo,diego ferreira,2.5,1.52
2026-08-02T21:37:07,bruno lopes,diyar nurgozhay,2.27,1.62
2026-08-02T21:37:07,darren elkins,yadier delvalle,5.2,1.15
2026-08-02T21:37:07,gillian robertson,mackenzie dern,2.75,1.44
2026-08-02T21:37:07,guilherme pat,steven asplund,3.1,1.36
2026-08-02T21:37:07,ian garry,islam makhachev,3.55,1.29
2026-08-02T21:37:07,jessie rosas,miles johns,2.22,1.65
2026-08-02T21:37:07,jose montanha,louie sutherland,2.27,1.62
2026-08-02T21:37:07,juliana miller,ravena oliveira morais,1.38,3.0
2026-08-02T21:37:07,manoel sousa,richie miranda,1.37,3.0
2026-08-02T21:37:07,mateusz gamrot,quillan salkilld,2.18,1.67
2026-08-02T22:01:37,alexia thainara,amanda lemos,1.4,2.9
2026-08-02T22:01:37,billy goff,ty cole miller,3.6,1.28
2026-08-02T22:01:37,billy quarantillo,diego ferreira,2.5,1.52
2026-08-02T22:01:37,bruno lopes,diyar nurgozhay,2.27,1.62
2026-08-02T22:01:37,darren elkins,yadier delvalle,5.2,1.15
2026-08-02T22:01:37,gillian robertson,mackenzie dern,2.75,1.44
2026-08-02T22:01:37,guilherme pat,steven asplund,3.1,1.36
2026-08-02T22:01:37,ian garry,islam makhachev,3.55,1.29
2026-08-02T22:01:37,jessie rosas,miles johns,2.22,1.65
2026-08-02T22:01:37,jose montanha,louie sutherland,2.27,1.62
2026-08-02T22:01:37,juliana miller,ravena oliveira morais,1.38,3.0
2026-08-02T22:01:37,manoel sousa,richie miranda,1.37,3.0
2026-08-02T22:01:37,mateusz gamrot,quillan salkilld,2.18,1.67
2026-08-03T14:12:41,alexia thainara,amanda lemos,1.42,2.82
2026-08-03T14:12:41,billy goff,ty cole miller,3.65,1.27
2026-08-03T14:12:41,billy quarantillo,diego ferreira,2.32,1.6
2026-08-03T14:12:41,bruno lopes,diyar nurgozhay,2.18,1.67
2026-08-03T14:12:41,darren elkins,yadier delvalle,5.2,1.15
2026-08-03T14:12:41,gillian robertson,mackenzie dern,2.75,1.44
2026-08-03T14:12:41,guilherme pat,steven asplund,3.05,1.36
2026-08-03T14:12:41,ian garry,islam makhachev,3.4,1.3
2026-08-03T14:12:41,jessie rosas,miles johns,2.22,1.65
2026-08-03T14:12:41,jose montanha,louie sutherland,2.27,1.62
2026-08-03T14:12:41,juliana miller,ravena oliveira morais,1.38,3.0
2026-08-03T14:12:41,manoel sousa,richie miranda,1.38,2.95
2026-08-03T14:12:41,mateusz gamrot,quillan salkilld,2.12,1.7
2026-08-03T18:55:51,alexia thainara,amanda lemos,1.42,2.82
2026-08-03T18:55:51,billy goff,ty cole miller,3.65,1.27
2026-08-03T18:55:51,billy quarantillo,diego ferreira,2.32,1.6
2026-08-03T18:55:51,bruno lopes,diyar nurgozhay,2.18,1.67
2026-08-03T18:55:51,darren elkins,yadier delvalle,5.2,1.15
2026-08-03T18:55:51,gillian robertson,mackenzie dern,2.75,1.44
2026-08-03T18:55:51,guilherme pat,steven asplund,3.05,1.36
2026-08-03T18:55:51,ian garry,islam makhachev,3.4,1.3
2026-08-03T18:55:51,jessie rosas,miles johns,2.22,1.65
2026-08-03T18:55:51,jose montanha,louie sutherland,2.27,1.62
2026-08-03T18:55:51,juliana miller,ravena oliveira morais,1.37,3.05
2026-08-03T18:55:51,manoel sousa,richie miranda,1.38,2.95
2026-08-03T18:55:51,mateusz gamrot,quillan salkilld,2.12,1.7
2026-08-03T21:50:14,alexia thainara,amanda lemos,1.42,2.82
2026-08-03T21:50:14,billy goff,ty cole miller,3.65,1.27
2026-08-03T21:50:14,billy quarantillo,diego ferreira,2.32,1.6
2026-08-03T21:50:14,bruno lopes,diyar nurgozhay,2.18,1.67
2026-08-03T21:50:14,darren elkins,yadier delvalle,5.2,1.15
2026-08-03T21:50:14,gillian robertson,mackenzie dern,2.75,1.44
2026-08-03T21:50:14,guilherme pat,steven asplund,3.05,1.36
2026-08-03T21:50:14,ian garry,islam makhachev,3.4,1.3
2026-08-03T21:50:14,jessie rosas,miles johns,2.22,1.65
2026-08-03T21:50:14,jose montanha,louie sutherland,2.27,1.62
2026-08-03T21:50:14,juliana miller,ravena oliveira morais,1.37,3.05
2026-08-03T21:50:14,manoel sousa,richie miranda,1.39,2.92
2026-08-03T21:50:14,mateusz gamrot,quillan salkilld,2.12,1.7
2026-08-04T08:39:09,alexia thainara,amanda lemos,1.4,2.87
2026-08-04T08:39:09,billy goff,ty cole miller,3.65,1.27
2026-08-04T08:39:09,billy quarantillo,diego ferreira,2.32,1.6
2026-08-04T08:39:09,bruno lopes,diyar nurgozhay,2.25,1.62
2026-08-04T08:39:09,darren elkins,yadier delvalle,5.8,1.13
2026-08-04T08:39:09,gillian robertson,mackenzie dern,2.75,1.44
2026-08-04T08:39:09,guilherme pat,steven asplund,3.25,1.33
2026-08-04T08:39:09,ian garry,islam makhachev,3.5,1.29
2026-08-04T08:39:09,jessie rosas,miles johns,2.22,1.65
2026-08-04T08:39:09,jose montanha,louie sutherland,2.27,1.62
2026-08-04T08:39:09,juliana miller,ravena oliveira morais,1.35,3.1
2026-08-04T08:39:09,manoel sousa,richie miranda,1.39,2.92
2026-08-04T08:39:09,mateusz gamrot,quillan salkilld,2.1,1.72
2026-08-04T09:14:15,alexia thainara,amanda lemos,1.4,2.87
2026-08-04T09:14:15,billy goff,ty cole miller,3.65,1.27
2026-08-04T09:14:15,billy quarantillo,diego ferreira,2.32,1.6
2026-08-04T09:14:15,bruno lopes,diyar nurgozhay,2.25,1.62
2026-08-04T09:14:15,darren elkins,yadier delvalle,5.8,1.13
2026-08-04T09:14:15,gillian robertson,mackenzie dern,2.75,1.44
2026-08-04T09:14:15,guilherme pat,steven asplund,3.25,1.33
2026-08-04T09:14:15,ian garry,islam makhachev,3.5,1.29
2026-08-04T09:14:15,jessie rosas,miles johns,2.22,1.65
2026-08-04T09:14:15,jose montanha,louie sutherland,2.27,1.62
2026-08-04T09:14:15,juliana miller,ravena oliveira morais,1.35,3.1
2026-08-04T09:14:15,manoel sousa,richie miranda,1.39,2.92
2026-08-04T09:14:15,mateusz gamrot,quillan salkilld,2.1,1.72
2026-08-04T11:07:09,alexia thainara,amanda lemos,1.4,2.87
2026-08-04T11:07:09,billy goff,ty cole miller,3.65,1.27
2026-08-04T11:07:09,billy quarantillo,diego ferreira,2.32,1.6
2026-08-04T11:07:09,bruno lopes,diyar nurgozhay,2.25,1.62
2026-08-04T11:07:09,darren elkins,yadier delvalle,5.8,1.13
2026-08-04T11:07:09,gillian robertson,mackenzie dern,2.75,1.44
2026-08-04T11:07:09,guilherme pat,steven asplund,3.25,1.33
2026-08-04T11:07:09,ian garry,islam makhachev,3.5,1.29
2026-08-04T11:07:09,jessie rosas,miles johns,2.22,1.65
2026-08-04T11:07:09,jose montanha,louie sutherland,2.27,1.62
2026-08-04T11:07:09,juliana miller,ravena oliveira morais,1.34,3.2
2026-08-04T11:07:09,manoel sousa,richie miranda,1.39,2.92
2026-08-04T11:07:09,mateusz gamrot,quillan salkilld,2.1,1.72
2026-08-04T11:40:54,alexia thainara,amanda lemos,1.4,2.87
2026-08-04T11:40:54,billy goff,ty cole miller,3.8,1.25
2026-08-04T11:40:54,billy quarantillo,diego ferreira,2.32,1.6
2026-08-04T11:40:54,bruno lopes,diyar nurgozhay,2.25,1.62
2026-08-04T11:40:54,darren elkins,yadier delvalle,5.8,1.13
2026-08-04T11:40:54,gillian robertson,mackenzie dern,2.75,1.44
2026-08-04T11:40:54,guilherme pat,steven asplund,3.25,1.33
2026-08-04T11:40:54,ian garry,islam makhachev,3.5,1.29
2026-08-04T11:40:54,jessie rosas,miles johns,2.22,1.65
2026-08-04T11:40:54,jose montanha,louie sutherland,2.27,1.62
2026-08-04T11:40:54,juliana miller,ravena oliveira morais,1.34,3.2
2026-08-04T11:40:54,manoel sousa,richie miranda,1.39,2.92
2026-08-04T11:40:54,mateusz gamrot,quillan salkilld,2.1,1.72
2026-08-04T11:47:24,alexia thainara,amanda lemos,1.4,2.87
2026-08-04T11:47:24,billy goff,ty cole miller,3.8,1.25
2026-08-04T11:47:24,billy quarantillo,diego ferreira,2.32,1.6
2026-08-04T11:47:24,bruno lopes,diyar nurgozhay,2.25,1.62
2026-08-04T11:47:24,darren elkins,yadier delvalle,5.8,1.13
2026-08-04T11:47:24,gillian robertson,mackenzie dern,2.75,1.44
2026-08-04T11:47:24,guilherme pat,steven asplund,3.25,1.33
2026-08-04T11:47:24,ian garry,islam makhachev,3.5,1.29
2026-08-04T11:47:24,jessie rosas,miles johns,2.22,1.65
2026-08-04T11:47:24,jose montanha,louie sutherland,2.27,1.62
2026-08-04T11:47:24,juliana miller,ravena oliveira morais,1.34,3.2
2026-08-04T11:47:24,manoel sousa,richie miranda,1.39,2.92
2026-08-04T11:47:24,mateusz gamrot,quillan salkilld,2.1,1.72
2026-08-04T20:08:26,alexia thainara,amanda lemos,1.4,2.87
2026-08-04T20:08:26,billy goff,ty cole miller,3.95,1.24
2026-08-04T20:08:26,billy quarantillo,diego ferreira,2.5,1.52
2026-08-04T20:08:26,bruno lopes,diyar nurgozhay,2.25,1.62
2026-08-04T20:08:26,darren elkins,yadier delvalle,6.0,1.12
2026-08-04T20:08:26,donte johnson,eric mcconico,1.4,2.87
2026-08-04T20:08:26,dustin stoltzfus,mansur abdul-malik,4.7,1.18
2026-08-04T20:08:26,edson barboza,esteban ribovics,3.85,1.25
2026-08-04T20:08:26,gillian robertson,mackenzie dern,2.75,1.44
2026-08-04T20:08:26,guilherme pat,steven asplund,3.25,1.33
2026-08-04T20:08:26,ian garry,islam makhachev,3.75,1.26
2026-08-04T20:08:26,jalin turner,kaue fernandes,1.57,2.35
2026-08-04T20:08:26,jeremiah wells,myktybek orolbai,4.9,1.17
2026-08-04T20:08:26,jessie rosas,miles johns,2.22,1.65
2026-08-04T20:08:26,jose montanha,louie sutherland,2.27,1.62
2026-08-04T20:08:26,juliana miller,ravena oliveira morais,1.34,3.2
2026-08-04T20:08:26,manoel sousa,richie miranda,1.37,3.0
2026-08-04T20:08:26,mateusz gamrot,quillan salkilld,2.15,1.67
2026-08-04T20:08:26,neil magny,ramiz brahimaj,1.88,1.88
2026-08-04T20:08:26,tresean gore,vicente luque,1.7,2.12
2026-08-04T21:58:06,alexia thainara,amanda lemos,1.4,2.87
2026-08-04T21:58:06,billy goff,ty cole miller,3.95,1.24
2026-08-04T21:58:06,billy quarantillo,diego ferreira,2.37,1.57
2026-08-04T21:58:06,bruno lopes,diyar nurgozhay,2.25,1.62
2026-08-04T21:58:06,darren elkins,yadier delvalle,6.0,1.12
2026-08-04T21:58:06,donte johnson,eric mcconico,1.4,2.87
2026-08-04T21:58:06,dustin stoltzfus,mansur abdul-malik,4.7,1.18
2026-08-04T21:58:06,edson barboza,esteban ribovics,3.85,1.25
2026-08-04T21:58:06,gillian robertson,mackenzie dern,2.75,1.44
2026-08-04T21:58:06,guilherme pat,steven asplund,3.25,1.33
2026-08-04T21:58:06,ian garry,islam makhachev,3.75,1.26
2026-08-04T21:58:06,jalin turner,kaue fernandes,1.72,2.07
2026-08-04T21:58:06,jeremiah wells,myktybek orolbai,4.9,1.17
2026-08-04T21:58:06,jessie rosas,miles johns,2.22,1.65
2026-08-04T21:58:06,jose montanha,louie sutherland,2.27,1.62
2026-08-04T21:58:06,juliana miller,ravena oliveira morais,1.34,3.2
2026-08-04T21:58:06,manoel sousa,richie miranda,1.37,3.0
2026-08-04T21:58:06,mateusz gamrot,quillan salkilld,2.15,1.67
2026-08-04T21:58:06,neil magny,ramiz brahimaj,1.88,1.88
2026-08-04T21:58:06,tresean gore,vicente luque,1.7,2.12
2026-08-04T23:55:02,alexia thainara,amanda lemos,1.4,2.87
2026-08-04T23:55:02,billy goff,ty cole miller,3.95,1.24
2026-08-04T23:55:02,billy quarantillo,diego ferreira,2.37,1.57
2026-08-04T23:55:02,bruno lopes,diyar nurgozhay,2.25,1.62
2026-08-04T23:55:02,darren elkins,yadier delvalle,6.0,1.12
2026-08-04T23:55:02,donte johnson,eric mcconico,1.4,2.87
2026-08-04T23:55:02,dustin stoltzfus,mansur abdul-malik,4.7,1.18
2026-08-04T23:55:02,edson barboza,esteban ribovics,3.85,1.25
2026-08-04T23:55:02,gillian robertson,mackenzie dern,2.75,1.44
2026-08-04T23:55:02,guilherme pat,steven asplund,3.25,1.33
2026-08-04T23:55:02,ian garry,islam makhachev,3.75,1.26
2026-08-04T23:55:02,jalin turner,kaue fernandes,1.7,2.12
2026-08-04T23:55:02,jeremiah wells,myktybek orolbai,4.9,1.17
2026-08-04T23:55:02,jessie rosas,miles johns,2.22,1.65
2026-08-04T23:55:02,jose montanha,louie sutherland,2.27,1.62
2026-08-04T23:55:02,juliana miller,ravena oliveira morais,1.34,3.2
2026-08-04T23:55:02,manoel sousa,richie miranda,1.37,3.0
2026-08-04T23:55:02,mateusz gamrot,quillan salkilld,2.15,1.67
2026-08-04T23:55:02,neil magny,ramiz brahimaj,1.88,1.88
2026-08-04T23:55:02,tresean gore,vicente luque,1.7,2.12
2026-08-05T00:07:06,alexia thainara,amanda lemos,1.4,2.87
2026-08-05T00:07:06,billy goff,ty cole miller,3.95,1.24
2026-08-05T00:07:06,billy quarantillo,diego ferreira,2.37,1.57
2026-08-05T00:07:06,bruno lopes,diyar nurgozhay,2.25,1.62
2026-08-05T00:07:06,darren elkins,yadier delvalle,6.0,1.12
2026-08-05T00:07:06,donte johnson,eric mcconico,1.4,2.87
2026-08-05T00:07:06,dustin stoltzfus,mansur abdul-malik,4.7,1.18
2026-08-05T00:07:06,edson barboza,esteban ribovics,3.85,1.25
2026-08-05T00:07:06,gillian robertson,mackenzie dern,2.75,1.44
2026-08-05T00:07:06,guilherme pat,steven asplund,3.25,1.33
2026-08-05T00:07:06,ian garry,islam makhachev,3.75,1.26
2026-08-05T00:07:06,jalin turner,kaue fernandes,1.7,2.12
2026-08-05T00:07:06,jeremiah wells,myktybek orolbai,4.9,1.17
2026-08-05T00:07:06,jessie rosas,miles johns,2.22,1.65
2026-08-05T00:07:06,jose montanha,louie sutherland,2.27,1.62
2026-08-05T00:07:06,juliana miller,ravena oliveira morais,1.34,3.2
2026-08-05T00:07:06,manoel sousa,richie miranda,1.37,3.0
2026-08-05T00:07:06,mateusz gamrot,quillan salkilld,2.15,1.67
2026-08-05T00:07:06,neil magny,ramiz brahimaj,1.88,1.88
2026-08-05T00:07:06,tresean gore,vicente luque,1.7,2.12
2026-08-06T18:17:45,alexia thainara,amanda lemos,1.37,3.0
2026-08-06T18:17:45,billy goff,ty cole miller,4.0,1.24
2026-08-06T18:17:45,billy quarantillo,diego ferreira,2.4,1.55
2026-08-06T18:17:45,bruno lopes,diyar nurgozhay,2.15,1.67
2026-08-06T18:17:45,caroline foro antunes,giovanna canuto,1.37,3.05
2026-08-06T18:17:45,darren elkins,yadier delvalle,5.8,1.13
2026-08-06T18:17:45,donte johnson,eric mcconico,1.4,2.87
2026-08-06T18:17:45,dustin stoltzfus,mansur abdul-malik,4.7,1.18
2026-08-06T18:17:45,edson barboza,esteban ribovics,3.85,1.25
2026-08-06T18:17:45,gillian robertson,mackenzie dern,2.75,1.44
2026-08-06T18:17:45,guilherme pat,steven asplund,3.25,1.33
2026-08-06T18:17:45,ian garry,islam makhachev,3.75,1.26
2026-08-06T18:17:45,jalin turner,kaue fernandes,1.55,2.42
2026-08-06T18:17:45,jeremiah wells,myktybek orolbai,4.9,1.17
2026-08-06T18:17:45,jessie rosas,miles johns,2.27,1.62
2026-08-06T18:17:45,jose montanha,louie sutherland,2.52,1.5
2026-08-06T18:17:45,juliana miller,ravena oliveira morais,1.29,3.5
2026-08-06T18:17:45,manoel sousa,richie miranda,1.31,3.4
2026-08-06T18:17:45,mateusz gamrot,quillan salkilld,2.18,1.67
2026-08-06T18:17:45,neil magny,ramiz brahimaj,1.88,1.88
2026-08-06T18:17:45,tresean gore,vicente luque,1.75,2.05
2026-08-06T19:50:11,alexia thainara,amanda lemos,1.37,3.0
2026-08-06T19:50:11,billy goff,ty cole miller,4.0,1.24
2026-08-06T19:50:11,billy quarantillo,diego ferreira,2.4,1.55
2026-08-06T19:50:11,bruno lopes,diyar nurgozhay,2.15,1.67
2026-08-06T19:50:11,caroline foro antunes,giovanna canuto,1.37,3.05
2026-08-06T19:50:11,darren elkins,yadier delvalle,5.8,1.13
2026-08-06T19:50:11,donte johnson,eric mcconico,1.4,2.87
2026-08-06T19:50:11,dustin stoltzfus,mansur abdul-malik,4.7,1.18
2026-08-06T19:50:11,edson barboza,esteban ribovics,3.85,1.25
2026-08-06T19:50:11,gillian robertson,mackenzie dern,2.75,1.44
2026-08-06T19:50:11,guilherme pat,steven asplund,3.25,1.33
2026-08-06T19:50:11,ian garry,islam makhachev,3.75,1.26
2026-08-06T19:50:11,jalin turner,kaue fernandes,1.55,2.42
2026-08-06T19:50:11,jeremiah wells,myktybek orolbai,4.9,1.17
2026-08-06T19:50:11,jessie rosas,miles johns,2.27,1.62
2026-08-06T19:50:11,jose montanha,louie sutherland,2.52,1.5
2026-08-06T19:50:11,juliana miller,ravena oliveira morais,1.29,3.5
2026-08-06T19:50:11,manoel sousa,richie miranda,1.31,3.4
2026-08-06T19:50:11,mateusz gamrot,quillan salkilld,2.18,1.67
2026-08-06T19:50:11,neil magny,ramiz brahimaj,1.88,1.88
2026-08-06T19:50:11,tresean gore,vicente luque,1.75,2.05
2026-08-06T21:25:25,alexia thainara,amanda lemos,1.37,3.0
2026-08-06T21:25:25,billy goff,ty cole miller,4.0,1.24
2026-08-06T21:25:25,billy quarantillo,diego ferreira,2.4,1.55
2026-08-06T21:25:25,bruno lopes,diyar nurgozhay,2.15,1.67
2026-08-06T21:25:25,caroline foro antunes,giovanna canuto,1.37,3.05
2026-08-06T21:25:25,darren elkins,yadier delvalle,5.8,1.13
2026-08-06T21:25:25,donte johnson,eric mcconico,1.4,2.87
2026-08-06T21:25:25,dustin stoltzfus,mansur abdul-malik,4.7,1.18
2026-08-06T21:25:25,edson barboza,esteban ribovics,3.85,1.25
2026-08-06T21:25:25,gillian robertson,mackenzie dern,2.75,1.44
2026-08-06T21:25:25,guilherme pat,steven asplund,3.25,1.33
2026-08-06T21:25:25,ian garry,islam makhachev,3.75,1.26
2026-08-06T21:25:25,jalin turner,kaue fernandes,1.55,2.42
2026-08-06T21:25:25,jeremiah wells,myktybek orolbai,4.9,1.17
2026-08-06T21:25:25,jessie rosas,miles johns,2.12,1.7
2026-08-06T21:25:25,jose montanha,louie sutherland,2.52,1.5
2026-08-06T21:25:25,juliana miller,ravena oliveira morais,1.29,3.5
2026-08-06T21:25:25,manoel sousa,richie miranda,1.31,3.4
2026-08-06T21:25:25,mateusz gamrot,quillan salkilld,2.18,1.67
2026-08-06T21:25:25,neil magny,ramiz brahimaj,1.88,1.88
2026-08-06T21:25:25,tresean gore,vicente luque,1.75,2.05
2026-08-06T21:26:50,alexia thainara,amanda lemos,1.37,3.0
2026-08-06T21:26:50,billy goff,ty cole miller,4.0,1.24
2026-08-06T21:26:50,billy quarantillo,diego ferreira,2.4,1.55
2026-08-06T21:26:50,bruno lopes,diyar nurgozhay,2.15,1.67
2026-08-06T21:26:50,caroline foro antunes,giovanna canuto,1.37,3.05
2026-08-06T21:26:50,darren elkins,yadier delvalle,5.8,1.13
2026-08-06T21:26:50,donte johnson,eric mcconico,1.4,2.87
2026-08-06T21:26:50,dustin stoltzfus,mansur abdul-malik,4.7,1.18
2026-08-06T21:26:50,edson barboza,esteban ribovics,3.85,1.25
2026-08-06T21:26:50,gillian robertson,mackenzie dern,2.75,1.44
2026-08-06T21:26:50,guilherme pat,steven asplund,3.25,1.33
2026-08-06T21:26:50,ian garry,islam makhachev,3.75,1.26
2026-08-06T21:26:50,jalin turner,kaue fernandes,1.55,2.42
2026-08-06T21:26:50,jeremiah wells,myktybek orolbai,4.9,1.17
2026-08-06T21:26:50,jessie rosas,miles johns,2.12,1.7
2026-08-06T21:26:50,jose montanha,louie sutherland,2.52,1.5
2026-08-06T21:26:50,juliana miller,ravena oliveira morais,1.29,3.5
2026-08-06T21:26:50,manoel sousa,richie miranda,1.31,3.4
2026-08-06T21:26:50,mateusz gamrot,quillan salkilld,2.18,1.67
2026-08-06T21:26:50,neil magny,ramiz brahimaj,1.88,1.88
2026-08-06T21:26:50,tresean gore,vicente luque,1.75,2.05
2026-08-06T21:32:29,alexia thainara,amanda lemos,1.37,3.0
2026-08-06T21:32:29,billy goff,ty cole miller,4.0,1.24
2026-08-06T21:32:29,billy quarantillo,diego ferreira,2.4,1.55
2026-08-06T21:32:29,bruno lopes,diyar nurgozhay,2.15,1.67
2026-08-06T21:32:29,caroline foro antunes,giovanna canuto,1.37,3.05
2026-08-06T21:32:29,darren elkins,yadier delvalle,5.8,1.13
2026-08-06T21:32:29,donte johnson,eric mcconico,1.4,2.87
2026-08-06T21:32:29,dustin stoltzfus,mansur abdul-malik,4.7,1.18
2026-08-06T21:32:29,edson barboza,esteban ribovics,3.85,1.25
2026-08-06T21:32:29,gillian robertson,mackenzie dern,2.75,1.44
2026-08-06T21:32:29,guilherme pat,steven asplund,3.25,1.33
2026-08-06T21:32:29,ian garry,islam makhachev,3.75,1.26
2026-08-06T21:32:29,jalin turner,kaue fernandes,1.55,2.42
2026-08-06T21:32:29,jeremiah wells,myktybek orolbai,4.9,1.17
2026-08-06T21:32:29,jessie rosas,miles johns,2.12,1.7
2026-08-06T21:32:29,jose montanha,louie sutherland,2.52,1.5
2026-08-06T21:32:29,juliana miller,ravena oliveira morais,1.29,3.5
2026-08-06T21:32:29,manoel sousa,richie miranda,1.31,3.4
2026-08-06T21:32:29,mateusz gamrot,quillan salkilld,2.18,1.67
2026-08-06T21:32:29,neil magny,ramiz brahimaj,1.88,1.88
2026-08-06T21:32:29,tresean gore,vicente luque,1.75,2.05
