visto,evento,a,b,fecha_evento
2026-07-31,UFC Fight Night: Medić vs. Rodriguez,Daniel Rodriguez,Uroš Medić,2026-08-01
2026-07-31,UFC Fight Night: Medić vs. Rodriguez,Jan Blachowicz,Navajo Stirling,2026-08-01
2026-07-31,UFC Fight Night: Medić vs. Rodriguez,Marcin Tybura,Aleksandar Rakic,2026-08-01
2026-07-31,UFC Fight Night: Medić vs. Rodriguez,Duško Todorović,Robert Valentin,2026-08-01
2026-07-31,UFC Fight Night: Medić vs. Rodriguez,Gilbert Urbina,Vlasto Čepo,2026-08-01
2026-07-31,UFC Fight Night: Medić vs. Rodriguez,Milos Janicic,Noah Gugnon,2026-08-01
2026-07-31,UFC Fight Night: Medić vs. Rodriguez,Ludovit Klein,Tofiq Musayev,2026-08-01
2026-07-31,UFC Fight Night: Medić vs. Rodriguez,Oban Elliott,Michael Oliveira,2026-08-01
2026-07-31,UFC Fight Night: Medić vs. Rodriguez,Borislav Nikolic,Mark Vologdin,2026-08-01
2026-07-31,UFC Fight Night: Medić vs. Rodriguez,Dennis Buzukja,Bogdan Grad,2026-08-01
2026-07-31,UFC Fight Night: Medić vs. Rodriguez,Kyle Prepolec,Mateusz Rębecki,2026-08-01
2026-07-31,UFC Fight Night: Medić vs. Rodriguez,Hailey Cowan,Nina Milošević,2026-08-01
2026-07-31,UFC Fight Night: Medić vs. Rodriguez,Alexander Poppeck,Jovan Leka,2026-08-01
2026-07-31,UFC Fight Night: Medić vs. Rodriguez,Stephanie Luciano,Marina Spasić,2026-08-01
2026-07-31,UFC Fight Night: Gamrot vs Salkilld,Mateusz Gamrot,Quillan Salkilld,2026-08-08
2026-07-31,UFC Fight Night: Gamrot vs Salkilld,Billy Ray Goff,Ty Miller,2026-08-08
2026-07-31,UFC Fight Night: Gamrot vs Salkilld,Bruno Lopes,Diyar Nurgozhay,2026-08-08
2026-07-31,UFC Fight Night: Gamrot vs Salkilld,Diego Ferreira,Billy Quarantillo,2026-08-08
2026-07-31,UFC Fight Night: Gamrot vs Salkilld,Henrique da Silva Lopes,Louie Sutherland,2026-08-08
2026-07-31,UFC Fight Night: Gamrot vs Salkilld,Darren Elkins,Yadier del Valle,2026-08-08
2026-07-31,UFC Fight Night: Gamrot vs Salkilld,Steven Asplund,Guilherme Pat,2026-08-08
2026-07-31,UFC Fight Night: Gamrot vs Salkilld,Juliana Miller,Ravena Oliveira,2026-08-08
2026-07-31,UFC Fight Night: Gamrot vs Salkilld,Amanda Lemos,Alexia Thainara,2026-08-08
2026-07-31,UFC 330: Makhachev vs. Machado Garry,Islam Makhachev,Ian Machado Garry,2026-08-15
2026-07-31,UFC 330: Makhachev vs. Machado Garry,Mackenzie Dern,Gillian Robertson,2026-08-15
2026-07-31,UFC 330: Makhachev vs. Machado Garry,Jalin Turner,Kauê Fernandes,2026-08-15
2026-07-31,UFC 330: Makhachev vs. Machado Garry,Dustin Stoltzfus,Mansur Abdul-Malik,2026-08-15
2026-07-31,UFC 330: Makhachev vs. Machado Garry,Edson Barboza,Esteban Ribovics,2026-08-15
2026-07-31,UFC 330: Makhachev vs. Machado Garry,Jeremiah Wells,Myktybek Orolbai,2026-08-15
2026-07-31,UFC 330: Makhachev vs. Machado Garry,Chidi Njokuani,Geoff Neal,2026-08-15
2026-07-31,UFC 330: Makhachev vs. Machado Garry,Vicente Luque,Tresean Gore,2026-08-15
2026-07-31,UFC 330: Makhachev vs. Machado Garry,Neil Magny,Ramiz Brahimaj,2026-08-15
2026-07-31,UFC 330: Makhachev vs. Machado Garry,Eric McConico,Donte Johnson,2026-08-15
2026-07-31,UFC Fight Night: Hernandez vs. Rodrigues,Anthony Hernandez,Gregory Rodrigues,2026-08-22
2026-07-31,UFC Fight Night: Hernandez vs. Rodrigues,Roman Dolidze,Reinier de Ridder,2026-08-22
2026-07-31,UFC Fight Night: Hernandez vs. Rodrigues,Serghei Spivac,Vitor Petrino,2026-08-22
2026-07-31,UFC Fight Night: Hernandez vs. Rodrigues,Kennedy Nzechukwu,Shamil Gaziev,2026-08-22
2026-07-31,UFC Fight Night: Hernandez vs. Rodrigues,Carli Judice,Jeisla Chaves,2026-08-22
2026-07-31,UFC Fight Night: Hernandez vs. Rodrigues,Wes Schultz,Jackson McVey,2026-08-22
2026-07-31,UFC Fight Night: Hernandez vs. Rodrigues,Elise Reed,Shanelle Dyer,2026-08-22
2026-07-31,UFC Fight Night: Hernandez vs. Rodrigues,Gauge Young,Kody Steele,2026-08-22
2026-07-31,UFC Fight Night: Nurmagomedov vs. Song,Song Yadong,Umar Nurmagomedov,2026-08-29
2026-07-31,UFC Fight Night: Nurmagomedov vs. Song,Yan Xiaonan,Denise Gomes,2026-08-29
2026-07-31,UFC Fight Night: Nurmagomedov vs. Song,Alex Perez,Sumudaerji,2026-08-29
2026-07-31,UFC Fight Night: Nurmagomedov vs. Song,Rei Tsuruya,Kevin Borjas,2026-08-29
2026-07-31,UFC Fight Night: Nurmagomedov vs. Song,Kai Asakura,Aoriqileng,2026-08-29
2026-07-31,UFC Fight Night: Nurmagomedov vs. Song,Junior Tafa,Ce Liu,2026-08-29
2026-07-31,UFC Fight Night: Nurmagomedov vs. Song,Sean Woodson,Jack Jenkins,2026-08-29
2026-07-31,UFC Fight Night: Hooker vs. Parnasse,Dan Hooker,Salahdine Parnasse,2026-09-05
2026-07-31,UFC Fight Night: Hooker vs. Parnasse,Michael Page,Nursulton Ruziboev,2026-09-05
2026-07-31,UFC Fight Night: Hooker vs. Parnasse,Trevor Peek,Kurtis Campbell,2026-09-05
2026-07-31,UFC Fight Night: Hooker vs. Parnasse,Ryan Spann,Mario Pinto,2026-09-05
2026-07-31,UFC Fight Night: Hooker vs. Parnasse,Nathaniel Wood,Mairon Santos,2026-09-05
2026-07-31,UFC Fight Night: Hooker vs. Parnasse,Morgan Charrière,Felipe Lima,2026-09-05
2026-07-31,UFC Fight Night: Hooker vs. Parnasse,Luis Felipe Dias,Matthieu Letho Duclos,2026-09-05
2026-07-31,Noche UFC,Brandon Moreno,Joseph Morales,2026-09-12
2026-07-31,Noche UFC,Tim Elliott,Édgar Cháirez,2026-09-12
2026-07-31,Noche UFC,Curtis Blaydes,Waldo Cortes Acosta,2026-09-12
2026-07-31,Noche UFC,Alexa Grasso,Manon Fiorot,2026-09-12
2026-07-31,Noche UFC,Kelvin Gastelum,Yousri Belgaroui,2026-09-12
2026-07-31,Noche UFC,JJ Aldrich,Regina Tarin,2026-09-12
2026-07-31,UFC Fight Night: Buckley vs. Malott,Mike Malott,Joaquin Buckley,2026-10-17
2026-07-31,UFC Fight Night: Buckley vs. Malott,Erin Blanchfield,Jasmine Jasudavicius,2026-10-17
2026-08-01,"Dana White's Contender Series: Season 10, Week 1",Anthony Wint,Matt Adams,2026-08-11
2026-08-01,"Dana White's Contender Series: Season 10, Week 1",Abe Alsaghir,Fabrizio Escarrega,2026-08-11
2026-08-01,"Dana White's Contender Series: Season 10, Week 1",Bilal Hasan,Mridul Saikia,2026-08-11
2026-08-01,"Dana White's Contender Series: Season 10, Week 1",Tom Pagliarulo,Ananias Mulumba,2026-08-11
2026-08-01,"Dana White's Contender Series: Season 10, Week 1",Joe Kropschot,Jon Kunneman,2026-08-11
2026-08-01,"Dana White's Contender Series: Season 10, Week 2",Roman Puga,Taner Trembley,2026-08-18
2026-08-01,"Dana White's Contender Series: Season 10, Week 2",Alik Lorenz,Mahamed Aly,2026-08-18
2026-08-01,"Dana White's Contender Series: Season 10, Week 2",Logan Paxton,Cristian Perez,2026-08-18
2026-08-01,UFC Fight Night: Gamrot vs Salkilld,Miles Johns,Jessie Rosas,2026-08-08
2026-08-01,"Dana White's Contender Series: Season 10, Week 2",Trent Miller,Douglas Rodrigues,2026-08-18
2026-08-01,"Dana White's Contender Series: Season 10, Week 2",Kaik Brito,Namo Fazil,2026-08-18
2026-08-01,UFC Fight Night: Gamrot vs Salkilld,Manoel Sousa,Richie Miranda,2026-08-08
2026-08-03,UFC Fight Night: Gamrot vs Salkilld,Louie Sutherland,José Montanha,2026-08-08
2026-08-04,UFC Fight Night: Nurmagomedov vs. Song,Namsrai Batbayar,Andre Lima,2026-08-29
2026-08-04,UFC Fight Night: Nurmagomedov vs. Song,Jingnan Xiong,Julia Polastri,2026-08-29
2026-08-04,Noche UFC: Rodriguez vs. Silva,Yair Rodriguez,Jean Silva,2026-09-12
2026-08-04,Noche UFC: Rodriguez vs. Silva,Curtis Blaydes,Waldo Cortes Acosta,2026-09-12
2026-08-04,Noche UFC: Rodriguez vs. Silva,Alexa Grasso,Manon Fiorot,2026-09-12
2026-08-04,Noche UFC: Rodriguez vs. Silva,Brandon Moreno,Joseph Morales,2026-09-12
2026-08-04,Noche UFC: Rodriguez vs. Silva,Tim Elliott,Édgar Cháirez,2026-09-12
2026-08-04,Noche UFC: Rodriguez vs. Silva,Kelvin Gastelum,Yousri Belgaroui,2026-09-12
2026-08-04,Noche UFC: Rodriguez vs. Silva,JJ Aldrich,Regina Tarin,2026-09-12
2026-08-04,Noche UFC: Rodriguez vs. Silva,Dan Ige,David Martinez,2026-09-12
2026-08-04,Noche UFC: Rodriguez vs. Silva,Muslim Salikhov,Ignacio Bahamondes,2026-09-12
2026-08-06,UFC Fight Night: Gamrot vs Salkilld,Gigi Canuto,Carol Foro,2026-08-08
2026-08-06,UFC 330: Makhachev vs. Machado Garry,Chidi Njokuani,Joel Álvarez,2026-08-15
2026-08-06,UFC 330: Makhachev vs. Machado Garry,Lucas Fernando,Rafael Tobias,2026-08-15
2026-08-06,UFC 331: Van vs. Pantoja 2,Alexandre Pantoja,Joshua Van,2026-09-19
2026-08-06,UFC 331: Van vs. Pantoja 2,Arman Tsarukyan,Mauricio Ruffy,2026-09-19
2026-08-06,UFC 331: Van vs. Pantoja 2,Patricio Pitbull,Dooho Choi,2026-09-19
2026-08-06,UFC 331: Van vs. Pantoja 2,Renato Moicano,Brian Ortega,2026-09-19
2026-08-06,UFC 331: Van vs. Pantoja 2,Alonzo Menifield,Iwo Baraniewski,2026-09-19
2026-08-06,UFC 331: Van vs. Pantoja 2,Gable Steveson,Sean Sharaf,2026-09-19
2026-08-06,UFC 331: Van vs. Pantoja 2,Marlon Vera,Charles Jourdain,2026-09-19
2026-08-06,UFC 331: Van vs. Pantoja 2,Tai Tuivasa,Robelis Despaigne,2026-09-19
2026-08-06,UFC 331: Van vs. Pantoja 2,Edmen Shahbazyan,Brunno Ferreira,2026-09-19
2026-08-06,UFC 331: Van vs. Pantoja 2,Giga Chikadze,Joanderson Brito,2026-09-19
2026-08-06,UFC 331: Van vs. Pantoja 2,Casey O'Neill,Eduarda Moura,2026-09-19
2026-08-06,UFC 331: Van vs. Pantoja 2,Ozzy Diaz,Ryan Gandra,2026-09-19
2026-08-06,UFC 331: Van vs. Pantoja 2,Michael Aswell,JooSang Yoo,2026-09-19
2026-08-06,UFC Fight Night: Buckley vs. Malott,Nate Landwehr,Mandel Nallo,2026-10-17
